{
  "project_info": {
    "project_number": "611675622728",
    "project_id": "softwarehouse-d8b9d",
    "storage_bucket": "softwarehouse-d8b9d.appspot.com"
  },
  "client": [
    {
      "client_info": {
        "mobilesdk_app_id": "1:611675622728:android:ca9e04b553ed3f588c777d",
        "android_client_info": {
          "package_name": "com.example.softwarehouse"
        }
      },
      "oauth_client": [
        {
          "client_id": "611675622728-bu03rvb2o1j28kcvbvvjb59gp7v10tt0.apps.googleusercontent.com",
          "client_type": 3
        }
      ],
      "api_key": [
        {
          "current_key": "AIzaSyA7LrH3UsbocRXus5-NG1MfVsTT7Wzgw_g"
        }
      ],
      "services": {
        "appinvite_service": {
          "other_platform_oauth_client": [
            {
              "client_id": "611675622728-bu03rvb2o1j28kcvbvvjb59gp7v10tt0.apps.googleusercontent.com",
              "client_type": 3
            }
          ]
        }
      }
    }
  ],
  "configuration_version": "1"
}